,Calories,StepTotal,SedentaryMinutes,LightlyActiveMinutes,ModeratelyActiveMinutes,VeryActiveMinutes
Mean,2356.767901,8445.634568,700.7333333,215.4024691,17.60246914,24.45679012
StdDev,759.9274167,4085.550797,135.7203663,86.19611816,22.381315,35.90176689
Min,741,254,125,17,0,0
25pctile,1788,5183,631,156,0,0
Median,2180,8863,412.5,67,10,0
75pctile,2896,11193,776,263,26,36
Max,4900,22770,1062,518,143,210