Weekday,AvgTotalActiveMinutes,AvgCalories,AvgStepTotal
Sunday,236.76923076923077,2262.3653846153843,7423.6153846153838
Monday,269.76086956521738,2373.4347826086955,9020.5
Tuesday,266.171875,2500.4687500000009,9183.234375
Wednesday,243.1044776119403,2361.7910447761187,7922.9552238805963
Thursday,238.32857142857145,2226.0714285714289,7992.8714285714295
Friday,262.52830188679246,2335.0566037735857,8047.132075471699
Saturday,294.92452830188677,2449.3773584905657,9715.9811320754725